<?xml version="1.0" encoding="UTF-8"?>
<!DOCTYPE mapper PUBLIC "-//mybatis.org//DTD Mapper 3.0//EN" "http://mybatis.org/dtd/mybatis-3-mapper.dtd">

<mapper namespace="adminProduct">
	<select id="selectProductList" parameterType="hashmap" resultType="hashmap">
		<include refid="common.pagingPre"/>
		<![CDATA[
			SELECT
				ROW_NUMBER() OVER (ORDER BY PROD_NUM DESC) AS RNUM,
    			PROD_NUM, 
    			PROD_NAME, 
    			PROD_CATEGORY, 
    			PROD_PRICE, 
    			PROD_STOCK,
    			PROD_RPRICE, 
    			PROD_RSTOCK, 
    			PROD_CONTEXT, 
    			PROD_HITCOUNT, 
    			TO_CHAR(PROD_DATE, 'YYYY.MM.DD') AS PROD_DATE, 
    			PROD_DEL
			FROM
    			PRODUCT
		]]>
		<include refid="common.pagingPost"/>
	</select>
	
	<select id="selectProductSearchList" parameterType="hashmap" resultType="hashmap">
		<include refid="common.pagingPre"/>
		<![CDATA[
			SELECT
				ROW_NUMBER() OVER (ORDER BY PROD_NUM DESC) AS RNUM,
    			PROD_NUM, 
    			PROD_NAME, 
    			PROD_CATEGORY, 
    			PROD_PRICE, 
    			PROD_STOCK,
    			PROD_RPRICE, 
    			PROD_RSTOCK, 
    			PROD_CONTEXT, 
    			PROD_HITCOUNT, 
    			TO_CHAR(PROD_DATE, 'YYYY.MM.DD') AS PROD_DATE, 
    			PROD_DEL
			FROM
    			PRODUCT
    		WHERE
		]]>
			<if test="searchType == 'TENT'"> 
				PROD_CATEGORY = '텐트/타프' AND PROD_NAME LIKE '%' || #{keyword} || '%' 
			</if> 
			<if test="searchType == 'MAT'"> 
				PROD_CATEGORY = '매트/침낭' AND PROD_NAME LIKE '%' || #{keyword} || '%'
			</if>
			<if test="searchType == 'CHAIR'"> 
				PROD_CATEGORY = '테이블/체어' AND PROD_NAME LIKE '%' || #{keyword} || '%'
			</if>
			<if test="searchType == 'ETC'"> 
				PROD_CATEGORY = '기타' AND PROD_NAME LIKE '%' || #{keyword} || '%'
			</if>
		<include refid="common.pagingPost"/>
	</select>
	
	<select id="selectProductModify" parameterType="java.util.HashMap" resultType="java.util.HashMap">
		<![CDATA[
			
		]]>
	</select>
</mapper>