<?xml version="1.0" encoding="UTF-8"?>

<!DOCTYPE tiles-definitions PUBLIC
       "-//Apache Software Foundation//DTD Tiles Configuration 2.1//EN"
       "http://tiles.apache.org/dtds/tiles-config_2_1.dtd">
       
<tiles-definitions>
	
	<!-- Main Page(상품,회원) : 사이드바X, 카테고리바O -->
    <definition name="default" template="/WEB-INF/zikcam/layout/layoutProd.jsp">
      <put-attribute name="header" value="/WEB-INF/zikcam/layout/headerProd.jsp"/>
      <put-attribute name="body" value=""/>
      <put-attribute name="footer" value="/WEB-INF/zikcam/layout/footer.jsp"/>
    </definition>
    
    <!-- 마이페이지 -->
    <definition name="default2" template="/WEB-INF/zikcam/layout/layout.jsp">
      <put-attribute name="header" value="/WEB-INF/zikcam/layout/header.jsp"/>
      <put-attribute name="body" value=""/>
      <put-attribute name="left" value="/WEB-INF/zikcam/layout/left_mypage.jsp"/>
      <put-attribute name="footer" value="/WEB-INF/zikcam/layout/footer.jsp"/>
    </definition>
    
    <!-- 관리자 -->
    <definition name="default3" template="/WEB-INF/zikcam/layout/layout.jsp">
      <put-attribute name="header" value="/WEB-INF/zikcam/layout/header.jsp" />
      <put-attribute name="body" value=""/>
      <put-attribute name="left" value="/WEB-INF/zikcam/layout/left_admin.jsp"/>
      <put-attribute name="footer" value="/WEB-INF/zikcam/layout/footer.jsp"/>
    </definition>

	<!-- 고객센터 -->
	<definition name="default4" template="/WEB-INF/zikcam/layout/layout.jsp">
      <put-attribute name="header" value="/WEB-INF/zikcam/layout/header.jsp"/>
      <put-attribute name="body" value=""/>
      <put-attribute name="left" value="/WEB-INF/zikcam/layout/left_cs.jsp"/>
      <put-attribute name="footer" value="/WEB-INF/zikcam/layout/footer.jsp"/>
    </definition>
    
    <!-- jQuery & script -->
    <definition name="default5" template="/WEB-INF/zikcam/layout/layout2.jsp">
      <put-attribute name="header" value="/WEB-INF/zikcam/layout/header.jsp"/>
      <put-attribute name="insertScript" value=""/>
      <put-attribute name="body" value=""/>
      <put-attribute name="left" value="/WEB-INF/zikcam/layout/left_cs.jsp"/>
      <put-attribute name="footer" value="/WEB-INF/zikcam/layout/footer.jsp"/>
    </definition>
    
    <!-- default -->
    <definition name="default6" template="/WEB-INF/zikcam/layout/layoutDefault.jsp">
      <put-attribute name="body" value=""/>
    </definition>
    
    <!-- member -->
    <definition name="default7" template="/WEB-INF/zikcam/layout/layoutMember.jsp">
      <put-attribute name="header" value="/WEB-INF/zikcam/layout/header.jsp"/>
      <put-attribute name="body" value=""/>
    </definition>
    
    
    
    <!-- *Member -->
    <!-- login -->
    <definition name="/login" extends="default6">
       <put-attribute name="body" value="/WEB-INF/zikcam/member/login/login.jsp" />
   	</definition>
    
    <definition name="/findID" extends="default6">
       <put-attribute name="body" value="/WEB-INF/zikcam/member/login/findID.jsp" />
   	</definition>
   	
   	<definition name="/findPW" extends="default6">
       <put-attribute name="body" value="/WEB-INF/zikcam/member/login/findPW.jsp" />
   	</definition>
    
    <!-- join -->
    <definition name="/join" extends="default7">
       <put-attribute name="body" value="/WEB-INF/zikcam/member/join/join.jsp" />
   	</definition>
    
     <definition name="/agreement" extends="default6">
       <put-attribute name="body" value="/WEB-INF/zikcam/member/join/agreement.jsp" />
   	</definition>
    
    <!-- *myPage -->
    <!-- myPage_main -->
    <definition name="/myPageList" extends="default2">
       <put-attribute name="body" value="/WEB-INF/zikcam/myPage/myPageList.jsp" />
   	</definition>
    
    <!-- Account(회원정보) -->
    <definition name="/myAccount" extends="default2">
       <put-attribute name="body" value="/WEB-INF/zikcam/myPage/Account/myAccount.jsp" />
   	</definition>
   	
   	<definition name="/myAccountModify" extends="default2">
       <put-attribute name="body" value="/WEB-INF/zikcam/myPage/Account/myAccountModify.jsp" />
   	</definition>
   	
   	<definition name="/myAccountPwCheck" extends="default2">
       <put-attribute name="body" value="/WEB-INF/zikcam/myPage/Account/myAccountPwCheck.jsp" />
   	</definition>
   	
   	<!-- myPQ(내 상품 문의) -->
   	<definition name="/myPQList" extends="default2">
       <put-attribute name="body" value="/WEB-INF/zikcam/myPage/myPQ/myPQList.jsp" />
   	</definition>
   	
   	<definition name="/myPQDetail" extends="default2">
       <put-attribute name="body" value="/WEB-INF/zikcam/myPage/myPQ/myPQDetail.jsp" />
   	</definition>
   	
   	<definition name="/myPQModifyForm" extends="default2">
       <put-attribute name="body" value="/WEB-INF/zikcam/myPage/myPQ/myPQModifyForm.jsp" />
   	</definition>
   	
   	<!-- myReview(내 구매후기) -->
   	<definition name="/myReviewList" extends="default2">
       <put-attribute name="body" value="/WEB-INF/zikcam/myPage/myReview/myReviewList.jsp" />
   	</definition>
 
   	<definition name="/myReviewDetail" extends="default2">
       <put-attribute name="body" value="/WEB-INF/zikcam/myPage/myReview/myReviewDetail.jsp" />
   	</definition>
   	
   	<definition name="/myReviewModifyForm" extends="default2">
       <put-attribute name="body" value="/WEB-INF/zikcam/myPage/myReview/myReviewModifyForm.jsp" />
   	</definition>
   	
   	<!-- myCart(장바구니) -->
   	<definition name="/myCartList" extends="default2">
       <put-attribute name="body" value="/WEB-INF/zikcam/myPage/myCart/myCartList.jsp" />
   	</definition>
   	
   	
   	<!-- myOrder(주문내역) -->
   	<definition name="/myOrderList" extends="default2">
       <put-attribute name="body" value="/WEB-INF/zikcam/myPage/myOrder/myOrderList.jsp" />
   	</definition>
   	
   	<definition name="/myOrderDetail" extends="default2">
       <put-attribute name="body" value="/WEB-INF/zikcam/myPage/myOrder/myOrderDetail.jsp" />
   	</definition>
   	
   	<definition name="/myOrderRefundForm" extends="default6">
       <put-attribute name="body" value="/WEB-INF/zikcam/myPage/myOrder/myOrderRefundForm.jsp" />
   	</definition>
   	
   	
    <!-- *admin -->
   <!-- userInfo(회원관리) -->
    <definition name="/userList" extends="default3">
       <put-attribute name="body" value="/WEB-INF/zikcam/admin/userInfo/userList.jsp" />
   	</definition>
   	
   	<definition name="/userDetail" extends="default3">
       <put-attribute name="body" value="/WEB-INF/zikcam/admin/userInfo/userDetail.jsp" />
   	</definition>
    
    <!-- product(상품관리) -->
    <definition name="/productList" extends="default3">
       <put-attribute name="body" value="/WEB-INF/zikcam/admin/product/productList.jsp" />
   	</definition>
   	
   	<definition name="/productModify" extends="default3">
       <put-attribute name="body" value="/WEB-INF/zikcam/admin/product/productModify.jsp" />
   	</definition>
   	
   	<definition name="/productWrite" extends="default3">
       <put-attribute name="body" value="/WEB-INF/zikcam/admin/product/productWrite.jsp" />
   	</definition>
    
    <!-- order(주문관리) -->
    <definition name="/orderList" extends="default3">
       <put-attribute name="body" value="/WEB-INF/zikcam/admin/order/orderList.jsp" />
   	</definition>
   	
   	<definition name="/orderDetail" extends="default3">
       <put-attribute name="body" value="/WEB-INF/zikcam/admin/order/orderDetail.jsp" />
   	</definition>
   	
   	<definition name="/orderCancelList" extends="default3">
       <put-attribute name="body" value="/WEB-INF/zikcam/admin/order/orderCancelList.jsp" />
   	</definition>
    
    <!-- review(구매후기관리) -->
    <definition name="/reviewList" extends="default3">
       <put-attribute name="body" value="/WEB-INF/zikcam/admin/review/reviewList.jsp" />
   	</definition>
   	
   	<definition name="/reviewDetail" extends="default3">
       <put-attribute name="body" value="/WEB-INF/zikcam/admin/review/reviewDetail.jsp" />
   	</definition>
    
    <!-- PQ -->
    <definition name="/PQList" extends="default3">
       <put-attribute name="body" value="/WEB-INF/zikcam/admin/PQ/PQList.jsp" />
   	</definition>
   	
   	<definition name="/PQDetail" extends="default3">
       <put-attribute name="body" value="/WEB-INF/zikcam/admin/PQ/PQDetail.jsp" />
   	</definition>
   	
   	<!-- QnA 08/10 추가 -->
    <definition name="/QnAList" extends="default3">
       <put-attribute name="body" value="/WEB-INF/zikcam/admin/QnA/QnAList.jsp" />
   	</definition>
   	
   	<definition name="/QnADetail" extends="default3">
       <put-attribute name="body" value="/WEB-INF/zikcam/admin/QnA/QnADetail.jsp" />
   	</definition>
   	
    
    <!-- *product -->
    <!-- order(주문/결제) -->
    <definition name="/order" extends="default2">
      <put-attribute name="body" value="/WEB-INF/zikcam/product/order/order.jsp" />
    </definition>
    
    <definition name="/orderPay" extends="default2">
      <put-attribute name="body" value="/WEB-INF/zikcam/product/order/orderPay.jsp" />
    </definition>
    
    <definition name="/orderPaySuccess" extends="default2">
      <put-attribute name="body" value="/WEB-INF/zikcam/product/order/orderPaySuccess.jsp" />
    </definition>
    
    <definition name="/orderPayFail" extends="default2">
     <put-attribute name="body" value="/WEB-INF/zikcam/product/order/orderPayFail.jsp" />
    </definition>
    
    <!-- purchase -->
    <definition name="/main" extends="default">
     <put-attribute name="body" value="/WEB-INF/zikcam/product/product/main.jsp" />
    </definition>
    
    <definition name="/purchaseTent" extends="default">
     <put-attribute name="body" value="/WEB-INF/zikcam/product/product/purchaseTent.jsp" />
    </definition>
    
    <definition name="/purchaseMatt" extends="default">
     <put-attribute name="body" value="/WEB-INF/zikcam/product/product/purchaseMatt.jsp" />
    </definition>
    
    <definition name="/purchaseTable" extends="default">
     <put-attribute name="body" value="/WEB-INF/zikcam/product/product/purchaseTable.jsp" />
    </definition>
    
    <definition name="/purchaseEtc" extends="default">
     <put-attribute name="body" value="/WEB-INF/zikcam/product/product/purchaseEtc.jsp" />
    </definition>
    
    <!-- rental -->
    <definition name="/rentalDate" extends="default">
     <put-attribute name="body" value="/WEB-INF/zikcam/product/rental/rentalDate.jsp" />
    </definition>
    
    <definition name="/rentalTent" extends="default">
     <put-attribute name="body" value="/WEB-INF/zikcam/product/rental/rentalTent.jsp" />
    </definition>
    
    <definition name="/rentalMatt" extends="default">
     <put-attribute name="body" value="/WEB-INF/zikcam/product/rental/rentalMatt.jsp" />
    </definition>
    
    <definition name="/rentalTable" extends="default">
     <put-attribute name="body" value="/WEB-INF/zikcam/product/rental/rentalTable.jsp" />
    </definition>
    
    
    <!-- *cs -->
    <!-- intro -->
    <definition name="/introList" extends="default4">
      <put-attribute name="body" value="/WEB-INF/zikcam/customerService/intro/introList.jsp" />
    </definition>
    
    <definition name="/csIndex" extends="default4">
      <put-attribute name="body" value="/WEB-INF/zikcam/customerService/intro/csIndex.jsp" />
    </definition>
     
    <!-- qna -->
	<definition name="/qnaList" extends="default4">
      <put-attribute name="body" value="/WEB-INF/zikcam/customerService/qna/qnaList.jsp" />
    </definition>
   
    <definition name="/qnaDetail" extends="default4">
      <put-attribute name="body" value="/WEB-INF/zikcam/customerService/qna/qnaDetail.jsp" />
    </definition>
   
    <definition name="/qnaWrite" extends="default4">
      <put-attribute name="body" value="/WEB-INF/zikcam/customerService/qna/qnaWrite.jsp" />
    </definition>
   
    <definition name="/qnaModify" extends="default4">
      <put-attribute name="body" value="/WEB-INF/zikcam/customerService/qna/qnaModify.jsp" />
    </definition>
   
    <definition name="/qnaDelete" extends="default4">
      <put-attribute name="body" value="/WEB-INF/zikcam/customerService/qna/qnaDelete.jsp" />
    </definition>	
	
	<!-- faq -->
	<definition name="/faqList" extends="default5">
      <put-attribute name="body" value="/WEB-INF/zikcam/customerService/faq/faqList.jsp" />
      <put-attribute name="insertScript" value="/WEB-INF/zikcam/layout/insertScript.jsp" />
    </definition>
    
    <definition name="/faqModify" extends="default4">
      <put-attribute name="body" value="/WEB-INF/zikcam/customerService/faq/faqModify.jsp" />
    </definition>
    
    <definition name="/faqWrite" extends="default4">
      <put-attribute name="body" value="/WEB-INF/zikcam/customerService/faq/faqWrite.jsp" />
    </definition>
 
	<!-- notice -->
 	<definition name="/noticeList" extends="default4">
      <put-attribute name="body" value="/WEB-INF/zikcam/customerService/notice/noticeList.jsp" />
    </definition>
    
    <definition name="/noticeDetail" extends="default4">
      <put-attribute name="body" value="/WEB-INF/zikcam/customerService/notice/noticeDetail.jsp" />
    </definition>
    
    <definition name="/noticeWrite" extends="default4">
      <put-attribute name="body" value="/WEB-INF/zikcam/customerService/notice/noticeWrite.jsp" />
    </definition>
    
    <definition name="/noticeModify" extends="default4">
      <put-attribute name="body" value="/WEB-INF/zikcam/customerService/notice/noticeModify.jsp" />
    </definition>
    
    <definition name="/noticeDelete" extends="default4">
      <put-attribute name="body" value="/WEB-INF/zikcam/customerService/notice/noticeDelete.jsp" />
    </definition>
    
    
    
</tiles-definitions>

